numero,nome,categoria
1000,Hello World,Iniciante
1001,Extremely Basic,Iniciante
1002,Area of a Circle,Iniciante
1003,Simple Sum,Iniciante
1004,Simple Product,Iniciante
1005,Average 1,Iniciante
1006,Average 2,Iniciante
1007,Difference,Iniciante
1008,Salary,Iniciante
1010,Simple Calculate,Iniciante
1011,Sphere,Iniciante
1012,Area,Iniciante
1013,The Greatest,Iniciante
1014,Consumption,Iniciante
1015,Distance Between Two Points,Iniciante
1016,Distance,Iniciante
1017,Fuel Spent,Iniciante
1018,Banknotes,Iniciante
1019,Time Conversion,Iniciante
1020,Age in Days,Iniciante
1021,Banknotes and Coins,Iniciante
1024,Encryption,Strings
1028,Collectable Cards,Matemática
1035,Selection Test 1,Iniciante
1036,Bhaskara's Formula,Iniciante
1037,Interval,Iniciante
1038,Snack,Iniciante
1040,Average 3,Iniciante
1041,Coordinates of a Point,Iniciante
1042,Simple Sort,Iniciante
1043,Triangle,Iniciante
1044,Multiples,Iniciante
1045,Triangle Types,Iniciante
1046,Game Time,Iniciante
1047,Game Time with Minutes,Iniciante
1048,Salary Increase,Iniciante
1049,Animal,Iniciante
1050,DDD,Iniciante
1052,Month,Iniciante
1059,Even Numbers,Iniciante
1060,Positive Numbers,Iniciante
1064,Positives and Average,Iniciante
1065,Even Between five Numbers,Iniciante
1066,"Even, Odd, Positive and Negative",Iniciante
1067,Odd Numbers,Iniciante
1070,Six Odd Numbers,Iniciante
1071,Sum of Consecutive Odd Numbers I,Iniciante
1072,Interval 2,Iniciante
1073,Even Square,Iniciante
1075,Remaining 2,Iniciante
1095,Sequence IJ 1,Iniciante
1096,Sequence IJ 2,Iniciante
1097,Sequence IJ 3,Iniciante
1098,Sequence IJ 4,Iniciante
1101,Sequence of Numbers and Sum,Iniciante
1132,Multiples of 13,Iniciante
1133,Rest of a Division,Iniciante
1143,Squared and Cubic,Iniciante
1144,Logical Sequence,Iniciante
1153,Simple Factorial,Iniciante
1157,Divisors I,Iniciante
1161,Factorial Sum,Matemática
1169,Grains in a Chess Board,Matemática
1214,Above Average,Matemática
1219,Colourful Flowers,Matemática
1589,Bob Conduit,Iniciante
1933,Tri-du,Iniciante
1985,MacPRONALTS,Iniciante
2006,Identifying Tea,Iniciante
2058,Triangles and Regular Polygons,Ad-Hoc
2061,Closing Tabs,Iniciante
2339,Paper Planes,Ad-Hoc
2344,Exam Grades,Iniciante
2374,Tire,Ad-Hoc
2388,Tachograph,Ad-Hoc
2413,Internet Search,Ad-Hoc
2416,Race,Ad-Hoc
2434,Grandpa's Balance,Ad-Hoc
2455,Seesaw,Ad-Hoc
2602,Basic Select,SQL
2603,Customer Address,SQL
2604,Under 10 or Greater Than 100,SQL
2605,Executive Representatives,SQL
2606,Categories,SQL
2607,Providers City in Alphabetical Order,SQL
2608,Higher and Lower Price,SQL
2609,Products by Categories,SQL
2610,Average Value of Products,SQL
2611,Action Movies,SQL
2613,Cheap Movies,SQL
2615,Expanding the Business,SQL
2616,No Rental,SQL
2617,Provider Ajax SA,SQL
2618,Imported Products,SQL
2619,Super Luxury,SQL
2621,Amounts Between 10 and 20,SQL
2622,Legal Person,SQL
2623,Categories with Various Products,SQL
2624,Number of Cities per Customers,SQL
2625,CPF Validation,SQL
2752,Output 6,Iniciante
2756,Output 10,Iniciante
2791,Bean,Iniciante
2936,How Much Cassava,Iniciante
3046,Domino,Iniciante
3048,Secret Sequence,Ad-Hoc
1074,Even or Odd,Iniciante
1078,Multiplication Table,Iniciante
1174,Array Selection I,Iniciante
1061,Event Time,Iniciante
1789,The Race of Slugs,Iniciante
2172,Event,Iniciante
1146,Growing Sequences,Iniciante
1009,Salary-with-Bonus,Iniciante
1051,Taxes,Iniciante
1079,Weighted Averages,Iniciante
1080,Highest and Position,Iniciante
1094,Experiments,Iniciante
1099,Sum of Consecutive Odd Numbers II,Iniciante
1113,Ascending and Descending,Iniciante
1114,Fixed Password,Iniciante
1026,To Carry or not to Carry,Ad-Hoc
1030,Flavious Josephus Legend,Ad-Hoc